{
	"0": { "L": 0.3487, "M": 3.3464, "S": 0.14602 },
	"1": { "L": 0.2297, "M": 4.4709, "S": 0.13395 },
	"2": { "L": 0.197, "M": 5.5675, "S": 0.12385 },
	"3": { "L": 0.1738, "M": 6.3762, "S": 0.11727 },
	"4": { "L": 0.1553, "M": 7.0023, "S": 0.11316 },
	"5": { "L": 0.1395, "M": 7.5105, "S": 0.1108 },
	"6": { "L": 0.1257, "M": 7.934, "S": 0.10958 },
	"7": { "L": 0.1134, "M": 8.297, "S": 0.10902 },
	"8": { "L": 0.1021, "M": 8.6151, "S": 0.10882 },
	"9": { "L": 0.0917, "M": 8.9014, "S": 0.10881 },
	"10": { "L": 0.082, "M": 9.1649, "S": 0.10891 },
	"11": { "L": 0.073, "M": 9.4122, "S": 0.10906 },
	"12": { "L": 0.0644, "M": 9.6479, "S": 0.10925 },
	"13": { "L": 0.0563, "M": 9.8749, "S": 0.10949 },
	"14": { "L": 0.0487, "M": 10.0953, "S": 0.10976 },
	"15": { "L": 0.0413, "M": 10.3108, "S": 0.11007 },
	"16": { "L": 0.0343, "M": 10.5228, "S": 0.11041 },
	"17": { "L": 0.0275, "M": 10.7319, "S": 0.11079 },
	"18": { "L": 0.0211, "M": 10.9385, "S": 0.11119 },
	"19": { "L": 0.0148, "M": 11.143, "S": 0.11164 },
	"20": { "L": 0.0087, "M": 11.3462, "S": 0.11211 },
	"21": { "L": 0.0029, "M": 11.5486, "S": 0.11261 },
	"22": { "L": -0.0028, "M": 11.7504, "S": 0.11314 },
	"23": { "L": -0.0083, "M": 11.9514, "S": 0.11369 },
	"24": { "L": -0.0137, "M": 12.1515, "S": 0.11426 },
	"25": { "L": -0.0189, "M": 12.3502, "S": 0.11485 },
	"26": { "L": -0.024, "M": 12.5466, "S": 0.11544 },
	"27": { "L": -0.0289, "M": 12.7401, "S": 0.11604 },
	"28": { "L": -0.0337, "M": 12.9303, "S": 0.11664 },
	"29": { "L": -0.0385, "M": 13.1169, "S": 0.11723 },
	"30": { "L": -0.0431, "M": 13.3, "S": 0.11781 },
	"31": { "L": -0.0476, "M": 13.4798, "S": 0.11839 },
	"32": { "L": -0.052, "M": 13.6567, "S": 0.11896 },
	"33": { "L": -0.0564, "M": 13.8309, "S": 0.11953 },
	"34": { "L": -0.0606, "M": 14.0031, "S": 0.12008 },
	"35": { "L": -0.0648, "M": 14.1736, "S": 0.12062 },
	"36": { "L": -0.0689, "M": 14.3429, "S": 0.12116 },
	"37": { "L": -0.0729, "M": 14.5113, "S": 0.12168 },
	"38": { "L": -0.0769, "M": 14.6791, "S": 0.1222 },
	"39": { "L": -0.0808, "M": 14.8466, "S": 0.12271 },
	"40": { "L": -0.0846, "M": 15.014, "S": 0.12322 },
	"41": { "L": -0.0883, "M": 15.1813, "S": 0.12373 },
	"42": { "L": -0.092, "M": 15.3486, "S": 0.12425 },
	"43": { "L": -0.0957, "M": 15.5158, "S": 0.12478 },
	"44": { "L": -0.0993, "M": 15.6828, "S": 0.12531 },
	"45": { "L": -0.1028, "M": 15.8497, "S": 0.12586 },
	"46": { "L": -0.1063, "M": 16.0163, "S": 0.12643 },
	"47": { "L": -0.1097, "M": 16.1827, "S": 0.127 },
	"48": { "L": -0.1131, "M": 16.3489, "S": 0.12759 },
	"49": { "L": -0.1165, "M": 16.515, "S": 0.12819 },
	"50": { "L": -0.1198, "M": 16.6811, "S": 0.1288 },
	"51": { "L": -0.123, "M": 16.8471, "S": 0.12943 },
	"52": { "L": -0.1262, "M": 17.0132, "S": 0.13005 },
	"53": { "L": -0.1294, "M": 17.1792, "S": 0.13069 },
	"54": { "L": -0.1325, "M": 17.3452, "S": 0.13133 },
	"55": { "L": -0.1356, "M": 17.5111, "S": 0.13197 },
	"56": { "L": -0.1387, "M": 17.6768, "S": 0.13261 },
	"57": { "L": -0.1417, "M": 17.8422, "S": 0.13325 },
	"58": { "L": -0.1447, "M": 18.0073, "S": 0.13389 },
	"59": { "L": -0.1477, "M": 18.1722, "S": 0.13453 },
	"60": { "L": -0.1506, "M": 18.3366, "S": 0.13517 }
}
