{
	"0": { "L": 0.3809, "M": 3.2322, "S": 0.14171 },
	"1": { "L": 0.1714, "M": 4.1873, "S": 0.13724 },
	"2": { "L": 0.0962, "M": 5.1282, "S": 0.13 },
	"3": { "L": 0.0402, "M": 5.8458, "S": 0.12619 },
	"4": { "L": -0.005, "M": 6.4237, "S": 0.12402 },
	"5": { "L": -0.043, "M": 6.8985, "S": 0.12274 },
	"6": { "L": -0.0756, "M": 7.297, "S": 0.12204 },
	"7": { "L": -0.1039, "M": 7.6422, "S": 0.12178 },
	"8": { "L": -0.1288, "M": 7.9487, "S": 0.12181 },
	"9": { "L": -0.1507, "M": 8.2254, "S": 0.12199 },
	"10": { "L": -0.17, "M": 8.48, "S": 0.12223 },
	"11": { "L": -0.1872, "M": 8.7192, "S": 0.12247 },
	"12": { "L": -0.2024, "M": 8.9481, "S": 0.12268 },
	"13": { "L": -0.2158, "M": 9.1699, "S": 0.12283 },
	"14": { "L": -0.2278, "M": 9.387, "S": 0.12294 },
	"15": { "L": -0.2384, "M": 9.6008, "S": 0.12299 },
	"16": { "L": -0.2478, "M": 9.8124, "S": 0.12303 },
	"17": { "L": -0.2562, "M": 10.0226, "S": 0.12306 },
	"18": { "L": -0.2637, "M": 10.2315, "S": 0.12309 },
	"19": { "L": -0.2703, "M": 10.4393, "S": 0.12315 },
	"20": { "L": -0.2762, "M": 10.6464, "S": 0.12323 },
	"21": { "L": -0.2815, "M": 10.8534, "S": 0.12335 },
	"22": { "L": -0.2862, "M": 11.0608, "S": 0.1235 },
	"23": { "L": -0.2903, "M": 11.2688, "S": 0.12369 },
	"24": { "L": -0.2941, "M": 11.4775, "S": 0.1239 },
	"25": { "L": -0.2975, "M": 11.6864, "S": 0.12414 },
	"26": { "L": -0.3005, "M": 11.8947, "S": 0.12441 },
	"27": { "L": -0.3032, "M": 12.1015, "S": 0.12472 },
	"28": { "L": -0.3057, "M": 12.3059, "S": 0.12506 },
	"29": { "L": -0.308, "M": 12.5073, "S": 0.12545 },
	"30": { "L": -0.3101, "M": 12.7055, "S": 0.12587 },
	"31": { "L": -0.312, "M": 12.9006, "S": 0.12633 },
	"32": { "L": -0.3138, "M": 13.093, "S": 0.12683 },
	"33": { "L": -0.3155, "M": 13.2837, "S": 0.12737 },
	"34": { "L": -0.3171, "M": 13.4731, "S": 0.12794 },
	"35": { "L": -0.3186, "M": 13.6618, "S": 0.12855 },
	"36": { "L": -0.3201, "M": 13.8503, "S": 0.12919 },
	"37": { "L": -0.3216, "M": 14.0385, "S": 0.12988 },
	"38": { "L": -0.323, "M": 14.2265, "S": 0.13059 },
	"39": { "L": -0.3243, "M": 14.414, "S": 0.13135 },
	"40": { "L": -0.3257, "M": 14.601, "S": 0.13213 },
	"41": { "L": -0.327, "M": 14.7873, "S": 0.13293 },
	"42": { "L": -0.3283, "M": 14.9727, "S": 0.13376 },
	"43": { "L": -0.3296, "M": 15.1573, "S": 0.1346 },
	"44": { "L": -0.3309, "M": 15.341, "S": 0.13545 },
	"45": { "L": -0.3322, "M": 15.524, "S": 0.1363 },
	"46": { "L": -0.3335, "M": 15.7064, "S": 0.13716 },
	"47": { "L": -0.3348, "M": 15.8882, "S": 0.138 },
	"48": { "L": -0.3361, "M": 16.0697, "S": 0.13884 },
	"49": { "L": -0.3374, "M": 16.2511, "S": 0.13968 },
	"50": { "L": -0.3387, "M": 16.4322, "S": 0.14051 },
	"51": { "L": -0.34, "M": 16.6133, "S": 0.14132 },
	"52": { "L": -0.3414, "M": 16.7942, "S": 0.14213 },
	"53": { "L": -0.3427, "M": 16.9748, "S": 0.14293 },
	"54": { "L": -0.344, "M": 17.1551, "S": 0.14371 },
	"55": { "L": -0.3453, "M": 17.3347, "S": 0.14448 },
	"56": { "L": -0.3466, "M": 17.5136, "S": 0.14525 },
	"57": { "L": -0.3479, "M": 17.6916, "S": 0.146 },
	"58": { "L": -0.3492, "M": 17.8686, "S": 0.14675 },
	"59": { "L": -0.3505, "M": 18.0445, "S": 0.14748 },
	"60": { "L": -0.3518, "M": 18.2193, "S": 0.14821 }
}
